gene_id	family
PVP01_0000010	pir
PVP01_0000050	pir
PVP01_0000080	pir
PVP01_0000090	PHIST
PVP01_0000230	pir
PVP01_0000240	pir
PVP01_0000250	pir
PVP01_0000260	pir
PVP01_0000270	pir
PVP01_0000280	pir
PVP01_0000290	pir
PVP01_0000300	pir
PVP01_0000310	pir
PVP01_0000320	pir
PVP01_0000330	pir
PVP01_0000340	pir
PVP01_0000350	pir
PVP01_0000360	pir
PVP01_0000370	pir
PVP01_0000380	pir
PVP01_0000390	pir
PVP01_0000400	pir
PVP01_0000410	pir
PVP01_0000420	pir
PVP01_0000430	pir
PVP01_0000440	pir
PVP01_0000450	pir
PVP01_0000460	pir
PVP01_0000470	pir
PVP01_0000480	pir
PVP01_0000490	pir
PVP01_0000500	pir
PVP01_0000510	pir
PVP01_0000520	pir
PVP01_0000530	pir
PVP01_0000540	pir
PVP01_0000550	pir
PVP01_0000560	pir
PVP01_0000570	pir
PVP01_0000580	pir
PVP01_0000590	pir
PVP01_0000600	pir
PVP01_0000610	pir
PVP01_0000620	pir
PVP01_0000630	pir
PVP01_0000640	pir
PVP01_0000650	pir
PVP01_0000660	pir
PVP01_0000670	pir
PVP01_0000680	pir
PVP01_0000690	pir
PVP01_0000700	pir
PVP01_0000710	pir
PVP01_0000720	pir
PVP01_0000730	pir
PVP01_0000740	pir
PVP01_0000750	pir
PVP01_0000760	pir
PVP01_0000770	pir
PVP01_0000780	pir
PVP01_0000790	pir
PVP01_0000800	pir
PVP01_0000810	pir
PVP01_0000820	pir
PVP01_0000830	pir
PVP01_0000840	pir
PVP01_0000850	pir
PVP01_0000860	pir
PVP01_0000870	pir
PVP01_0000880	pir
PVP01_0000890	pir
PVP01_0000900	pir
PVP01_0000910	pir
PVP01_0000920	pir
PVP01_0000930	pir
PVP01_0000940	pir
PVP01_0000950	pir
PVP01_0000960	pir
PVP01_0000970	pir
PVP01_0000980	pir
PVP01_0000990	pir
PVP01_0001000	pir
PVP01_0001010	pir
PVP01_0001020	pir
PVP01_0001030	vir
PVP01_0001040	pir
PVP01_0001050	pir
PVP01_0001060	pir
PVP01_0001070	pir
PVP01_0001080	pir
PVP01_0001090	pir
PVP01_0001100	pir
PVP01_0001110	pir
PVP01_0001120	pir
PVP01_0001130	pir
PVP01_0001140	pir
PVP01_0001150	pir
PVP01_0001160	pir
PVP01_0001170	pir
PVP01_0001180	pir
PVP01_0001190	pir
PVP01_0001200	pir
PVP01_0001210	pir
PVP01_0001220	pir
PVP01_0001230	pir
PVP01_0001240	pir
PVP01_0001250	pir
PVP01_0001260	pir
PVP01_0001270	pir
PVP01_0001280	pir
PVP01_0001290	pir
PVP01_0001300	pir
PVP01_0001310	pir
PVP01_0001320	pir
PVP01_0001330	pir
PVP01_0001340	pir
PVP01_0001350	pir
PVP01_0001360	pir
PVP01_0001370	pir
PVP01_0001380	pir
PVP01_0001390	pir
PVP01_0001400	pir
PVP01_0001410	pir
PVP01_0001420	pir
PVP01_0001430	PHIST
PVP01_0001440	PHIST
PVP01_0001450	pir
PVP01_0001460	pir
PVP01_0001470	pir
PVP01_0001480	pir
PVP01_0001490	pir
PVP01_0001500	pir
PVP01_0001550	pir
PVP01_0001560	pir
PVP01_0001570	pir
PVP01_0001580	pir
PVP01_0001590	pir
PVP01_0001600	pir
PVP01_0001630	pir
PVP01_0001640	pir
PVP01_0001650	pir
PVP01_0001660	pir
PVP01_0001670	pir
PVP01_0001680	pir
PVP01_0001690	pir
PVP01_0001700	pir
PVP01_0001710	pir
PVP01_0001790	pir
PVP01_0001800	pir
PVP01_0001810	pir
PVP01_0001820	pir
PVP01_0001830	pir
PVP01_0001840	pir
PVP01_0001850	pir
PVP01_0001860	pir
PVP01_0001900	pir
PVP01_0001910	pir
PVP01_0001920	pir
PVP01_0001930	pir
PVP01_0001940	pir
PVP01_0001950	pir
PVP01_0001960	pir
PVP01_0001970	pir
PVP01_0001980	pir
PVP01_0001990	pir
PVP01_0002000	pir
PVP01_0002010	pir
PVP01_0002020	pir
PVP01_0002030	pir
PVP01_0002040	pir
PVP01_0002050	pir
PVP01_0002090	pir
PVP01_0002100	pir
PVP01_0002110	pir
PVP01_0002120	pir
PVP01_0002130	pir
PVP01_0002140	pir
PVP01_0002150	pir
PVP01_0002180	pir
PVP01_0002190	pir
PVP01_0002200	pir
PVP01_0002210	pir
PVP01_0002240	pir
PVP01_0002290	pir
PVP01_0002300	pir
PVP01_0002310	pir
PVP01_0002320	pir
PVP01_0002330	pir
PVP01_0002360	pir
PVP01_0002370	pir
PVP01_0002380	pir
PVP01_0002390	pir
PVP01_0002400	pir
PVP01_0002410	pir
PVP01_0002420	pir
PVP01_0002430	pir
PVP01_0002440	pir
PVP01_0002480	pir
PVP01_0002490	pir
PVP01_0002500	pir
PVP01_0002510	pir
PVP01_0002530	pir
PVP01_0002540	pir
PVP01_0002710	pir
PVP01_0002720	pir
PVP01_0002730	pir
PVP01_0002740	pir
PVP01_0002750	pir
PVP01_0002760	pir
PVP01_0002790	pir
PVP01_0002800	pir
PVP01_0002810	pir
PVP01_0002820	pir
PVP01_0002830	pir
PVP01_0002840	pir
PVP01_0002850	pir
PVP01_0002860	pir
PVP01_0002880	pir
PVP01_0002890	pir
PVP01_0002900	pir
PVP01_0002910	pir
PVP01_0002920	pir
PVP01_0002930	pir
PVP01_0002940	pir
PVP01_0002950	pir
PVP01_0003000	pir
PVP01_0003010	pir
PVP01_0003020	pir
PVP01_0003030	pir
PVP01_0003040	pir
PVP01_0003050	pir
PVP01_0003060	pir
PVP01_0003070	pir
PVP01_0003080	pir
PVP01_0003090	pir
PVP01_0003100	pir
PVP01_0003130	pir
PVP01_0003140	pir
PVP01_0003150	pir
PVP01_0003210	pir
PVP01_0003220	pir
PVP01_0003230	pir
PVP01_0003240	pir
PVP01_0003250	pir
PVP01_0003260	pir
PVP01_0003270	pir
PVP01_0003280	pir
PVP01_0003290	pir
PVP01_0003320	pir
PVP01_0003330	pir
PVP01_0003350	pir
PVP01_0003360	pir
PVP01_0003370	pir
PVP01_0003380	pir
PVP01_0003390	pir
PVP01_0003400	pir
PVP01_0003410	pir
PVP01_0003420	pir
PVP01_0003430	pir
PVP01_0003440	pir
PVP01_0003480	pir
PVP01_0003490	pir
PVP01_0003500	pir
PVP01_0003510	pir
PVP01_0003520	pir
PVP01_0003530	pir
PVP01_0003540	pir
PVP01_0003560	pir
PVP01_0003570	pir
PVP01_0003580	pir
PVP01_0003590	pir
PVP01_0003600	pir
PVP01_0003610	pir
PVP01_0003620	pir
PVP01_0003630	pir
PVP01_0003640	pir
PVP01_0003650	pir
PVP01_0003660	pir
PVP01_0003670	pir
PVP01_0003680	pir
PVP01_0003690	pir
PVP01_0003700	pir
PVP01_0003710	pir
PVP01_0003720	pir
PVP01_0003730	pir
PVP01_0003740	pir
PVP01_0003750	pir
PVP01_0003760	pir
PVP01_0003770	pir
PVP01_0003780	pir
PVP01_0003790	pir
PVP01_0003800	pir
PVP01_0003810	pir
PVP01_0003820	pir
PVP01_0003830	pir
PVP01_0003840	pir
PVP01_0003850	pir
PVP01_0003860	pir
PVP01_0003880	pir
PVP01_0003890	pir
PVP01_0003900	pir
PVP01_0003910	pir
PVP01_0003920	pir
PVP01_0003930	pir
PVP01_0003940	pir
PVP01_0003950	pir
PVP01_0003960	pir
PVP01_0003970	pir
PVP01_0003980	pir
PVP01_0004010	pir
PVP01_0004020	pir
PVP01_0004030	pir
PVP01_0004040	pir
PVP01_0004050	pir
PVP01_0004060	pir
PVP01_0004070	pir
PVP01_0004080	pir
PVP01_0004090	pir
PVP01_0004100	pir
PVP01_0004110	pir
PVP01_0004120	pir
PVP01_0004130	pir
PVP01_0004140	pir
PVP01_0004150	pir
PVP01_0004160	pir
PVP01_0004170	pir
PVP01_0004180	pir
PVP01_0004190	pir
PVP01_0004200	pir
PVP01_0004220	PHIST
PVP01_0004310	pir
PVP01_0004320	pir
PVP01_0004330	pir
PVP01_0004340	pir
PVP01_0004350	pir
PVP01_0004360	pir
PVP01_0004370	pir
PVP01_0004380	pir
PVP01_0004390	pir
PVP01_0004400	pir
PVP01_0004410	pir
PVP01_0004420	pir
PVP01_0004430	pir
PVP01_0004440	pir
PVP01_0004450	pir
PVP01_0004460	pir
PVP01_0004470	pir
PVP01_0004480	pir
PVP01_0004490	pir
PVP01_0004500	pir
PVP01_0004540	pir
PVP01_0004550	pir
PVP01_0004560	pir
PVP01_0004570	pir
PVP01_0004580	pir
PVP01_0004590	pir
PVP01_0004600	pir
PVP01_0004610	pir
PVP01_0004620	pir
PVP01_0004630	pir
PVP01_0004640	pir
PVP01_0004650	pir
PVP01_0004660	pir
PVP01_0004670	pir
PVP01_0004680	pir
PVP01_0004690	pir
PVP01_0004700	pir
PVP01_0004710	pir
PVP01_0004720	pir
PVP01_0004730	pir
PVP01_0004740	pir
PVP01_0004750	pir
PVP01_0004760	pir
PVP01_0004800	pir
PVP01_0004810	pir
PVP01_0004820	pir
PVP01_0004830	pir
PVP01_0004840	pir
PVP01_0004880	pir
PVP01_0004890	pir
PVP01_0004910	pir
PVP01_0004920	pir
PVP01_0004930	pir
PVP01_0004950	pir
PVP01_0004960	pir
PVP01_0004990	pir
PVP01_0005000	pir
PVP01_0005010	pir
PVP01_0005020	pir
PVP01_0005030	pir
PVP01_0005040	pir
PVP01_0005160	pir
PVP01_0005170	pir
PVP01_0005180	pir
PVP01_0005190	pir
PVP01_0005200	pir
PVP01_0005210	pir
PVP01_0005220	pir
PVP01_0005230	pir
PVP01_0005240	pir
PVP01_0005250	pir
PVP01_0005260	pir
PVP01_0005270	pir
PVP01_0005280	pir
PVP01_0005290	pir
PVP01_0005300	pir
PVP01_0005310	pir
PVP01_0005320	pir
PVP01_0005330	pir
PVP01_0005340	pir
PVP01_0005350	pir
PVP01_0005390	pir
PVP01_0005400	pir
PVP01_0005410	pir
PVP01_0005420	pir
PVP01_0005430	pir
PVP01_0005460	pir
PVP01_0005500	pir
PVP01_0005510	pir
PVP01_0005520	pir
PVP01_0005530	pir
PVP01_0005540	pir
PVP01_0005550	pir
PVP01_0005560	pir
PVP01_0005570	pir
PVP01_0005630	pir
PVP01_0005640	pir
PVP01_0005650	pir
PVP01_0005660	pir
PVP01_0005670	pir
PVP01_0005680	pir
PVP01_0005690	pir
PVP01_0005720	pir
PVP01_0005730	pir
PVP01_0005740	pir
PVP01_0005750	pir
PVP01_0005760	pir
PVP01_0005770	pir
PVP01_0005780	pir
PVP01_0005790	pir
PVP01_0005800	pir
PVP01_0005810	pir
PVP01_0005820	pir
PVP01_0005825	pir
PVP01_0005830	pir
PVP01_0005840	pir
PVP01_0005850	pir
PVP01_0005860	pir
PVP01_0005870	pir
PVP01_0005880	pir
PVP01_0005890	pir
PVP01_0005900	pir
PVP01_0005910	pir
PVP01_0005920	pir
PVP01_0005930	pir
PVP01_0005940	pir
PVP01_0005950	pir
PVP01_0006000	pir
PVP01_0006010	pir
PVP01_0006020	pir
PVP01_0006030	pir
PVP01_0006040	pir
PVP01_0006050	pir
PVP01_0006060	pir
PVP01_0006070	pir
PVP01_0006080	pir
PVP01_0006090	pir
PVP01_0006100	pir
PVP01_0006110	pir
PVP01_0006130	pir
PVP01_0006140	pir
PVP01_0006150	pir
PVP01_0006260	pir
PVP01_0006270	pir
PVP01_0006280	pir
PVP01_0006290	pir
PVP01_0006300	pir
PVP01_0006310	pir
PVP01_0006340	pir
PVP01_0006360	pir
PVP01_0006370	pir
PVP01_0006380	pir
PVP01_0006390	pir
PVP01_0006400	pir
PVP01_0006410	pir
PVP01_0006420	pir
PVP01_0006430	pir
PVP01_0006440	pir
PVP01_0006460	pir
PVP01_0006470	pir
PVP01_0006480	pir
PVP01_0006490	PHIST
PVP01_0006500	pir
PVP01_0006510	pir
PVP01_0006570	pir
PVP01_0006580	pir
PVP01_0006590	pir
PVP01_0006600	pir
PVP01_0006610	pir
PVP01_0006640	pir
PVP01_0006650	pir
PVP01_0006660	pir
PVP01_0006670	pir
PVP01_0006680	pir
PVP01_0006690	pir
PVP01_0006700	pir
PVP01_0006710	pir
PVP01_0006720	pir
PVP01_0006730	pir
PVP01_0006740	pir
PVP01_0006750	pir
PVP01_0006760	pir
PVP01_0006770	pir
PVP01_0006810	pir
PVP01_0006820	pir
PVP01_0006830	pir
PVP01_0006840	pir
PVP01_0006850	pir
PVP01_0006860	pir
PVP01_0006870	pir
PVP01_0006880	pir
PVP01_0006890	pir
PVP01_0006900	pir
PVP01_0006930	pir
PVP01_0006940	pir
PVP01_0006950	pir
PVP01_0006960	pir
PVP01_0006970	pir
PVP01_0006980	pir
PVP01_0006990	pir
PVP01_0007000	pir
PVP01_0007040	pir
PVP01_0007080	pir
PVP01_0007090	pir
PVP01_0007110	pir
PVP01_0007120	pir
PVP01_0007130	pir
PVP01_0007140	pir
PVP01_0007150	pir
PVP01_0007160	pir
PVP01_0007170	pir
PVP01_0007180	pir
PVP01_0007220	pir
PVP01_0007230	pir
PVP01_0007240	pir
PVP01_0007290	pir
PVP01_0007300	pir
PVP01_0007320	pir
PVP01_0007330	pir
PVP01_0007340	pir
PVP01_0007350	pir
PVP01_0007390	pir
PVP01_0007400	pir
PVP01_0007410	pir
PVP01_0007420	pir
PVP01_0007430	pir
PVP01_0007440	pir
PVP01_0007450	pir
PVP01_0007460	pir
PVP01_0007470	pir
PVP01_0007500	pir
PVP01_0007510	pir
PVP01_0007520	pir
PVP01_0007530	pir
PVP01_0007540	pir
PVP01_0007550	pir
PVP01_0007560	pir
PVP01_0007570	pir
PVP01_0007580	pir
PVP01_0007590	pir
PVP01_0007600	pir
PVP01_0007610	pir
PVP01_0007620	pir
PVP01_0007630	pir
PVP01_0007640	pir
PVP01_0007650	pir
PVP01_0007660	pir
PVP01_0007720	pir
PVP01_0007730	pir
PVP01_0007740	pir
PVP01_0007750	pir
PVP01_0007760	pir
PVP01_0007780	pir
PVP01_0007790	pir
PVP01_0007800	pir
PVP01_0007810	pir
PVP01_0007820	pir
PVP01_0007830	pir
PVP01_0007850	pir
PVP01_0007860	pir
PVP01_0007870	pir
PVP01_0007880	pir
PVP01_0007890	pir
PVP01_0007900	pir
PVP01_0007910	pir
PVP01_0007920	pir
PVP01_0007930	pir
PVP01_0007940	pir
PVP01_0007950	pir
PVP01_0007960	pir
PVP01_0007970	pir
PVP01_0008020	pir
PVP01_0008030	pir
PVP01_0008040	pir
PVP01_0008050	pir
PVP01_0008090	pir
PVP01_0008100	pir
PVP01_0008110	pir
PVP01_0008120	pir
PVP01_0008150	pir
PVP01_0008170	pir
PVP01_0008180	pir
PVP01_0008190	pir
PVP01_0008200	pir
PVP01_0008210	pir
PVP01_0008220	pir
PVP01_0008230	pir
PVP01_0008240	pir
PVP01_0008270	pir
PVP01_0008280	pir
PVP01_0008290	pir
PVP01_0008300	pir
PVP01_0008310	pir
PVP01_0008320	pir
PVP01_0008330	pir
PVP01_0008340	pir
PVP01_0008350	pir
PVP01_0008360	pir
PVP01_0008370	pir
PVP01_0008380	pir
PVP01_0008390	pir
PVP01_0008400	pir
PVP01_0008410	pir
PVP01_0008420	pir
PVP01_0008430	pir
PVP01_0008450	pir
PVP01_0008460	pir
PVP01_0008470	pir
PVP01_0008480	pir
PVP01_0008490	pir
PVP01_0008500	pir
PVP01_0008510	pir
PVP01_0008520	pir
PVP01_0008530	pir
PVP01_0008540	pir
PVP01_0008550	pir
PVP01_0008560	pir
PVP01_0008570	pir
PVP01_0008580	pir
PVP01_0008590	pir
PVP01_0008620	pir
PVP01_0008630	pir
PVP01_0008640	pir
PVP01_0008650	pir
PVP01_0008700	pir
PVP01_0008710	pir
PVP01_0008720	pir
PVP01_0008730	pir
PVP01_0008770	pir
PVP01_0008780	pir
PVP01_0008820	pir
PVP01_0008830	pir
PVP01_0008840	pir
PVP01_0008920	pir
PVP01_0008930	pir
PVP01_0008990	pir
PVP01_0009000	pir
PVP01_0009010	pir
PVP01_0009020	pir
PVP01_0009030	pir
PVP01_0009040	pir
PVP01_0009050	pir
PVP01_0009060	pir
PVP01_0009070	pir
PVP01_0009090	pir
PVP01_0009100	pir
PVP01_0009110	pir
PVP01_0009160	pir
PVP01_0009170	pir
PVP01_0009180	pir
PVP01_0009190	pir
PVP01_0009200	pir
PVP01_0009210	pir
PVP01_0009220	pir
PVP01_0009230	pir
PVP01_0009290	pir
PVP01_0009300	pir
PVP01_0009310	pir
PVP01_0009320	pir
PVP01_0009330	pir
PVP01_0009340	pir
PVP01_0009350	pir
PVP01_0009360	pir
PVP01_0009370	pir
PVP01_0009380	pir
PVP01_0009390	pir
PVP01_0009400	pir
PVP01_0009410	pir
PVP01_0009420	pir
PVP01_0009430	pir
PVP01_0009440	pir
PVP01_0009450	pir
PVP01_0009460	pir
PVP01_0009470	pir
PVP01_0009480	pir
PVP01_0009490	pir
PVP01_0009500	pir
PVP01_0009510	pir
PVP01_0009520	pir
PVP01_0009530	pir
PVP01_0009540	pir
PVP01_0009580	pir
PVP01_0009590	pir
PVP01_0009600	pir
PVP01_0009610	pir
PVP01_0009620	pir
PVP01_0009630	pir
PVP01_0009640	pir
PVP01_0009650	pir
PVP01_0009660	pir
PVP01_0009670	pir
PVP01_0009680	pir
PVP01_0009710	pir
PVP01_0009730	pir
PVP01_0009740	pir
PVP01_0009750	pir
PVP01_0009760	pir
PVP01_0009770	pir
PVP01_0009780	pir
PVP01_0009790	pir
PVP01_0009800	pir
PVP01_0009810	pir
PVP01_0009820	pir
PVP01_0009830	pir
PVP01_0009840	pir
PVP01_0009850	pir
PVP01_0009860	pir
PVP01_0009870	pir
PVP01_0009880	pir
PVP01_0009890	pir
PVP01_0009900	pir
PVP01_0009910	pir
PVP01_0009920	pir
PVP01_0009940	PHIST
PVP01_0009960	pir
PVP01_0009970	pir
PVP01_0009980	pir
PVP01_0009990	pir
PVP01_0010040	pir
PVP01_0010050	pir
PVP01_0010060	pir
PVP01_0010070	pir
PVP01_0010100	pir
PVP01_0010110	pir
PVP01_0010120	pir
PVP01_0010130	pir
PVP01_0010140	pir
PVP01_0010150	pir
PVP01_0010160	pir
PVP01_0010170	pir
PVP01_0010180	pir
PVP01_0010190	pir
PVP01_0010230	pir
PVP01_0010240	pir
PVP01_0010250	pir
PVP01_0010260	pir
PVP01_0010270	pir
PVP01_0010290	pir
PVP01_0010310	pir
PVP01_0010320	pir
PVP01_0010340	pir
PVP01_0010350	pir
PVP01_0010360	pir
PVP01_0010370	pir
PVP01_0010380	pir
PVP01_0010400	pir
PVP01_0010410	pir
PVP01_0010420	pir
PVP01_0010440	pir
PVP01_0010450	pir
PVP01_0010460	pir
PVP01_0010470	pir
PVP01_0010490	pir
PVP01_0010500	pir
PVP01_0010510	pir
PVP01_0010520	pir
PVP01_0010530	pir
PVP01_0010580	pir
PVP01_0010590	pir
PVP01_0010600	pir
PVP01_0010620	pir
PVP01_0010630	pir
PVP01_0010640	pir
PVP01_0010650	pir
PVP01_0010660	pir
PVP01_0010680	pir
PVP01_0010690	pir
PVP01_0010700	pir
PVP01_0010710	pir
PVP01_0010720	pir
PVP01_0010730	pir
PVP01_0010740	pir
PVP01_0010780	pir
PVP01_0010790	pir
PVP01_0010820	pir
PVP01_0010850	pir
PVP01_0010860	pir
PVP01_0010880	pir
PVP01_0010890	pir
PVP01_0010900	pir
PVP01_0010920	pir
PVP01_0010930	pir
PVP01_0010940	pir
PVP01_0010950	pir
PVP01_0010980	pir
PVP01_0011000	pir
PVP01_0011010	pir
PVP01_0011030	pir
PVP01_0011050	pir
PVP01_0011060	pir
PVP01_0011070	pir
PVP01_0011080	pir
PVP01_0011090	pir
PVP01_0011100	pir
PVP01_0011120	pir
PVP01_0011130	pir
PVP01_0011140	pir
PVP01_0011150	pir
PVP01_0011160	pir
PVP01_0100100	pir
PVP01_0100200	pir
PVP01_0100300	pir
PVP01_0100400	pir
PVP01_0100500	pir
PVP01_0100600	pir
PVP01_0100700	pir
PVP01_0100800	pir
PVP01_0101100	pir
PVP01_0101200	pir
PVP01_0101300	pir
PVP01_0101400	pir
PVP01_0101500	pir
PVP01_0101600	pir
PVP01_0101700	pir
PVP01_0101800	pir
PVP01_0101900	pir
PVP01_0102000	pir
PVP01_0102100	pir
PVP01_0102200	pir
PVP01_0102400	vir
PVP01_0102500	PHIST
PVP01_0119200	PHIST
PVP01_0119700	vir
PVP01_0119800	pir
PVP01_0119900	pir
PVP01_0120000	pir
PVP01_0120100	pir
PVP01_0120200	pir
PVP01_0120300	pir
PVP01_0120400	pir
PVP01_0120500	pir
PVP01_0120800	pir
PVP01_0120900	pir
PVP01_0121000	pir
PVP01_0121100	vir
PVP01_0121200	pir
PVP01_0121300	pir
PVP01_0121400	pir
PVP01_0121500	pir
PVP01_0121600	pir
PVP01_0121700	pir
PVP01_0121800	pir
PVP01_0122100	pir
PVP01_0122200	pir
PVP01_0200100	pir
PVP01_0200200	pir
PVP01_0200300	pir
PVP01_0200400	pir
PVP01_0200500	pir
PVP01_0200600	pir
PVP01_0200700	vir
PVP01_0200800	pir
PVP01_0200900	pir
PVP01_0201000	pir
PVP01_0201400	pir
PVP01_0201500	pir
PVP01_0201600	pir
PVP01_0201700	pir
PVP01_0201800	pir
PVP01_0201900	pir
PVP01_0202600	PHIST
PVP01_0205100	pir
PVP01_0217300	pir
PVP01_0217400	pir
PVP01_0217500	pir
PVP01_0217600	pir
PVP01_0217700	pir
PVP01_0217800	pir
PVP01_0217900	pir
PVP01_0218000	pir
PVP01_0218100	pir
PVP01_0218200	pir
PVP01_0218300	pir
PVP01_0218400	pir
PVP01_0219400	pir
PVP01_0219500	pir
PVP01_0219600	pir
PVP01_0219700	pir
PVP01_0219800	pir
PVP01_0219900	pir
PVP01_0220000	pir
PVP01_0220100	pir
PVP01_0220200	pir
PVP01_0220600	pir
PVP01_0220700	pir
PVP01_0220800	pir
PVP01_0220900	pir
PVP01_0221000	pir
PVP01_0221100	pir
PVP01_0221200	pir
PVP01_0221300	pir
PVP01_0221400	pir
PVP01_0221500	pir
PVP01_0221600	pir
PVP01_0221700	pir
PVP01_0221800	pir
PVP01_0300200	pir
PVP01_0300300	pir
PVP01_0300400	pir
PVP01_0300500	pir
PVP01_0301100	pir
PVP01_0301200	pir
PVP01_0301300	pir
PVP01_0301400	pir
PVP01_0302000	PHIST
PVP01_0302100	PHIST
PVP01_0318400	pir
PVP01_0400100	pir
PVP01_0400200	pir
PVP01_0400300	pir
PVP01_0400400	pir
PVP01_0400500	pir
PVP01_0400600	pir
PVP01_0400700	pir
PVP01_0400800	pir
PVP01_0400900	pir
PVP01_0401700	pir
PVP01_0401800	pir
PVP01_0401900	pir
PVP01_0402000	pir
PVP01_0402100	pir
PVP01_0402200	pir
PVP01_0402300	pir
PVP01_0402400	pir
PVP01_0402500	pir
PVP01_0402800	pir
PVP01_0403200	pir
PVP01_0403300	pir
PVP01_0403400	pir
PVP01_0403500	pir
PVP01_0403600	pir
PVP01_0403700	pir
PVP01_0403800	pir
PVP01_0403900	pir
PVP01_0404000	pir
PVP01_0404100	pir
PVP01_0405200	PHIST
PVP01_0405300	PHIST
PVP01_0411700	pir
PVP01_0416800	SERA
PVP01_0416900	SERA
PVP01_0417000	SERA
PVP01_0417100	SERA
PVP01_0417200	SERA
PVP01_0417300	SERA
PVP01_0417400	SERA
PVP01_0417500	SERA
PVP01_0417600	SERA
PVP01_0417700	SERA
PVP01_0417800	SERA
PVP01_0417900	SERA
PVP01_0418000	SERA
PVP01_0418300	MSP
PVP01_0418400	MSP
PVP01_0422800	PHIST
PVP01_0423100	PHIST
PVP01_0423200	PHIST
PVP01_0423600	PHIST
PVP01_0423700	pir
PVP01_0423800	pir
PVP01_0423900	pir
PVP01_0424000	pir
PVP01_0424100	pir
PVP01_0424300	pir
PVP01_0424400	pir
PVP01_0500300	pir
PVP01_0500400	pir
PVP01_0500500	pir
PVP01_0500600	pir
PVP01_0500700	pir
PVP01_0500800	pir
PVP01_0500900	pir
PVP01_0501200	pir
PVP01_0501300	pir
PVP01_0501400	pir
PVP01_0501500	pir
PVP01_0502100	pir
PVP01_0502200	pir
PVP01_0502300	pir
PVP01_0502400	pir
PVP01_0502500	pir
PVP01_0502600	pir
PVP01_0502700	pir
PVP01_0502800	pir
PVP01_0502900	pir
PVP01_0503000	pir
PVP01_0503100	pir
PVP01_0503200	pir
PVP01_0503300	pir
PVP01_0503800	PHIST
PVP01_0504000	PHIST
PVP01_0515600	PHIST
PVP01_0515700	PHIST
PVP01_0515800	PHIST
PVP01_0515900	PHIST
PVP01_0516000	PHIST
PVP01_0516100	PHIST
PVP01_0516200	PHIST
PVP01_0516300	PHIST
PVP01_0516400	PHIST
PVP01_0516500	PHIST
PVP01_0517500	pir
PVP01_0522700	PHIST
PVP01_0522800	PHIST
PVP01_0522900	PHIST
PVP01_0523000	PHIST
PVP01_0523100	PHIST
PVP01_0523200	PHIST
PVP01_0523300	PHIST
PVP01_0523400	PHIST
PVP01_0523500	PHIST
PVP01_0523600	PHIST
PVP01_0523700	PHIST
PVP01_0523800	PHIST
PVP01_0523900	PHIST
PVP01_0524000	PHIST
PVP01_0524100	PHIST
PVP01_0524200	PHIST
PVP01_0524300	PHIST
PVP01_0524400	PHIST
PVP01_0524500	PHIST
PVP01_0524600	PHIST
PVP01_0524700	PHIST
PVP01_0524800	PHIST
PVP01_0524900	PHIST
PVP01_0525000	PHIST
PVP01_0525100	PHIST
PVP01_0525200	PHIST
PVP01_0525300	PHIST
PVP01_0525400	PHIST
PVP01_0532500	PHIST
PVP01_0533400	pir
PVP01_0533500	pir
PVP01_0533600	pir
PVP01_0533700	PHIST
PVP01_0533800	pir
PVP01_0533900	pir
PVP01_0534000	pir
PVP01_0534100	pir
PVP01_0534500	pir
PVP01_0534600	pir
PVP01_0534700	pir
PVP01_0534800	pir
PVP01_0534900	pir
PVP01_0535000	pir
PVP01_0535400	pir
PVP01_0600100	pir
PVP01_0600200	pir
PVP01_0600300	pir
PVP01_0600400	pir
PVP01_0600500	pir
PVP01_0600600	pir
PVP01_0600700	pir
PVP01_0600800	pir
PVP01_0601300	PHIST
PVP01_0601400	PHIST
PVP01_0601500	PHIST
PVP01_0601600	PHIST
PVP01_0601700	PHIST
PVP01_0601800	PHIST
PVP01_0601900	PHIST
PVP01_0602000	PHIST
PVP01_0611000	pir
PVP01_0613400	EBP
PVP01_0623000	PHIST
PVP01_0623600	pir
PVP01_0623700	PHIST
PVP01_0624100	pir
PVP01_0624300	pir
PVP01_0624400	pir
PVP01_0624500	pir
PVP01_0624600	pir
PVP01_0624700	PHIST
PVP01_0624800	pir
PVP01_0624900	pir
PVP01_0625000	pir
PVP01_0700200	pir
PVP01_0700600	pir
PVP01_0728800	MSP
PVP01_0728900	MSP
PVP01_0734900	PHIST
PVP01_0735300	pir
PVP01_0735400	pir
PVP01_0735500	pir
PVP01_0735600	pir
PVP01_0735700	pir
PVP01_0735800	pir
PVP01_0735900	pir
PVP01_0736000	pir
PVP01_0736100	pir
PVP01_0736200	pir
PVP01_0736300	pir
PVP01_0736400	pir
PVP01_0736900	pir
PVP01_0737000	pir
PVP01_0737100	pir
PVP01_0737200	pir
PVP01_0737300	pir
PVP01_0737600	pir
PVP01_0737700	pir
PVP01_0737800	pir
PVP01_0737900	pir
PVP01_0738000	pir
PVP01_0800100	pir
PVP01_0800200	pir
PVP01_0800300	pir
PVP01_0800500	pir
PVP01_0800600	pir
PVP01_0800800	pir
PVP01_0802900	pir
PVP01_0808600	PHIST
PVP01_0808700	PHIST
PVP01_0808800	PHIST
PVP01_0811900	EBP
PVP01_0838200	PHIST
PVP01_0838400	pir
PVP01_0838500	pir
PVP01_0838600	pir
PVP01_0838700	pir
PVP01_0838800	pir
PVP01_0838900	pir
PVP01_0839000	pir
PVP01_0839100	pir
PVP01_0839200	pir
PVP01_0839300	pir
PVP01_0839400	pir
PVP01_0839500	pir
PVP01_0839600	pir
PVP01_0839700	pir
PVP01_0839800	pir
PVP01_0839900	pir
PVP01_0840500	pir
PVP01_0840600	pir
PVP01_0840700	pir
PVP01_0840750	pir
PVP01_0840800	pir
PVP01_0840900	pir
PVP01_0841000	pir
PVP01_0900300	pir
PVP01_0900500	pir
PVP01_0900600	pir
PVP01_0900700	pir
PVP01_0900750	pir
PVP01_0900800	pir
PVP01_0900850	pir
PVP01_0900900	pir
PVP01_0901000	pir
PVP01_0901100	pir
PVP01_0926300	pir
PVP01_0949400	pir
PVP01_0949450	pir
PVP01_0949500	pir
PVP01_0949600	pir
PVP01_0949650	pir
PVP01_0949700	pir
PVP01_0949900	pir
PVP01_0950000	pir
PVP01_0950200	pir
PVP01_1000100	pir
PVP01_1000200	pir
PVP01_1000300	pir
PVP01_1000400	pir
PVP01_1000500	pir
PVP01_1000550	pir
PVP01_1000600	pir
PVP01_1000700	pir
PVP01_1000800	pir
PVP01_1000900	pir
PVP01_1001000	pir
PVP01_1001100	pir
PVP01_1001200	pir
PVP01_1001300	pir
PVP01_1001400	pir
PVP01_1001500	pir
PVP01_1001600	pir
PVP01_1001700	pir
PVP01_1001800	pir
PVP01_1001850	pir
PVP01_1001900	pir
PVP01_1001950	pir
PVP01_1002000	pir
PVP01_1002100	pir
PVP01_1002200	pir
PVP01_1002300	pir
PVP01_1030900	MSP3
PVP01_1031000	MSP3
PVP01_1031100	MSP3
PVP01_1031200	MSP3
PVP01_1031300	MSP3
PVP01_1031400	MSP3
PVP01_1031500	MSP3
PVP01_1031600	MSP3
PVP01_1031700	MSP3
PVP01_1032600	MSP
PVP01_1034000	PHIST
PVP01_1034500	pir
PVP01_1034600	pir
PVP01_1034700	pir
PVP01_1034800	pir
PVP01_1034900	pir
PVP01_1035000	pir
PVP01_1035100	pir
PVP01_1035200	pir
PVP01_1035300	pir
PVP01_1035350	pir
PVP01_1035400	pir
PVP01_1036100	pir
PVP01_1100200	pir
PVP01_1100300	pir
PVP01_1100400	pir
PVP01_1100500	pir
PVP01_1100600	pir
PVP01_1100700	pir
PVP01_1100800	pir
PVP01_1100900	pir
PVP01_1101000	pir
PVP01_1101100	pir
PVP01_1101200	pir
PVP01_1129100	MSP
PVP01_1140500	pir
PVP01_1147700	pir
PVP01_1147900	pir
PVP01_1148000	pir
PVP01_1148100	pir
PVP01_1148200	pir
PVP01_1148300	pir
PVP01_1148400	pir
PVP01_1148500	pir
PVP01_1148600	pir
PVP01_1148700	pir
PVP01_1148800	pir
PVP01_1148900	pir
PVP01_1149000	pir
PVP01_1149100	pir
PVP01_1149200	pir
PVP01_1149300	pir
PVP01_1149400	pir
PVP01_1149500	pir
PVP01_1200100	pir
PVP01_1200200	pir
PVP01_1200300	pir
PVP01_1200400	pir
PVP01_1200500	pir
PVP01_1200600	pir
PVP01_1200700	pir
PVP01_1200800	pir
PVP01_1201000	pir
PVP01_1201100	pir
PVP01_1201200	pir
PVP01_1201300	pir
PVP01_1201400	PHIST
PVP01_1201500	PHIST
PVP01_1208200	pir
PVP01_1219300	MSP
PVP01_1219400	MSP
PVP01_1219500	MSP
PVP01_1219600	MSP
PVP01_1219700	MSP
PVP01_1219800	MSP
PVP01_1219900	MSP
PVP01_1220000	MSP
PVP01_1220200	MSP
PVP01_1220300	MSP
PVP01_1220400	MSP
PVP01_1228500	pir
PVP01_1231800	pir
PVP01_1258100	pir
PVP01_1271700	pir
PVP01_1271800	pir
PVP01_1271900	pir
PVP01_1272000	pir
PVP01_1272100	pir
PVP01_1272200	pir
PVP01_1272300	pir
PVP01_1272400	pir
PVP01_1272500	pir
PVP01_1272600	pir
PVP01_1273100	pir
PVP01_1273900	pir
PVP01_1274000	pir
PVP01_1274100	pir
PVP01_1274200	pir
PVP01_1274300	pir
PVP01_1274400	pir
PVP01_1274700	pir
PVP01_1274800	pir
PVP01_1274900	pir
PVP01_1300100	pir
PVP01_1300200	pir
PVP01_1300300	pir
PVP01_1300400	pir
PVP01_1300500	pir
PVP01_1306600	pir
PVP01_1347200	pir
PVP01_1347300	pir
PVP01_1347400	pir
PVP01_1347500	pir
PVP01_1347600	pir
PVP01_1347700	pir
PVP01_1347800	pir
PVP01_1400200	pir
PVP01_1400400	pir
PVP01_1400500	PHIST
PVP01_1430950	pir
PVP01_1446800	MSP
PVP01_1447800	pir
PVP01_1469600	pir
PVP01_1470300	PHIST
PVP01_1470600	PHIST
PVP01_1470800	pir
PVP01_1470900	pir
PVP01_1471000	pir
PVP01_1471100	pir
PVP01_1471200	pir
PVP01_1471700	pir
PVP01_1471900	PHIST
PVP01_1472000	pir
PVP01_1472100	pir
PVP01_1472200	pir
PVP01_1472300	pir
PVP01_1472400	pir
PVP01_1472500	pir
PVP01_1472700	pir
PVP01_1472800	pir
PVP01_1472900	pir
PVP01_1473000	pir
