chrom_pos	codon	ref_aa	alt_aa	class	AC	AN	AF	domain
636164	2701	L	F	nonsyn	9	3344	0.0026913875598086126	Cterm
636164	2701	L	V	nonsyn	6	3344	0.0017942583732057417	Cterm
636219	2682	S	S	syn	11	3344	0.003289473684210526	Cterm
636305	2654	Q	*	stop	2	3336	0.0005995203836930455	Cterm
636330	2645	S	S	syn	6	3314	0.0018105009052504525	Cterm
636402	2621	V	V	syn	1	3364	0.00029726516052318666	Cterm
636475	2597	S	N	nonsyn	2	3350	0.0005970149253731343	Cterm
636478	2596	E	G	nonsyn	2	3360	0.0005952380952380953	Cterm
636489	2592	P	P	syn	2	3352	0.0005966587112171838	Cterm
636525	2580	G	G	syn	8	3356	0.0023837902264600714	Cterm
636528	2579	T	T	syn	3	3364	0.0008917954815695601	Cterm
636584	2561	E	Q	nonsyn	64	3334	0.01919616076784643	Cterm
636726	2513	K	K	syn	13	3368	0.003859857482185273	Cterm
636820	2482	Y	F	nonsyn	1	3370	0.0002967359050445104	Cterm
636824	2481	V	I	nonsyn	8	3356	0.0023837902264600714	Cterm
636834	2477	N	N	syn	1	3354	0.0002981514609421586	Cterm
636919	2449	K	R	nonsyn	1	3354	0.0002981514609421586	Cterm
636929	2446	L	L	syn	4	3362	0.001189767995240928	Cterm
636994	2424	E	G	nonsyn	1	3376	0.0002962085308056872	Cterm
637005	2420	R	R	syn	3	3386	0.0008860011813349084	Cterm
637012	2418	D	V	nonsyn	8	3358	0.0023823704586063135	Cterm
637044	2407	N	K	nonsyn	2974	3082	0.9649578195976638	Cterm
637143	2374	N	N	syn	24	3348	0.007168458781362007	Cterm
637155	2370	A	A	syn	5	3340	0.0014970059880239522	Cterm
637178	2363	A	S	nonsyn	14	3318	0.004219409282700422	Cterm
637197	2356	I	I	syn	7	3314	0.002112251056125528	Cterm
637212	2351	L	L	syn	74	3288	0.022506082725060828	Cterm
637257	2336	V	V	syn	2	3342	0.0005984440454817474	Cterm
637258	2336	V	A	nonsyn	8	3336	0.002398081534772182	Cterm
637303	2321	S	L	nonsyn	2	3350	0.0005970149253731343	Cterm
637329	2312	N	N	syn	3	3360	0.0008928571428571428	Cterm
637341	2308	S	S	syn	145	3350	0.04328358208955224	Cterm
637410	2285	K	N	nonsyn	75	3324	0.02256317689530686	Cterm
637440	2275	E	E	syn	3	3346	0.0008965929468021519	Cterm
637458	2269	V	V	syn	1	3346	0.00029886431560071725	Cterm
637477	2263	G	A	nonsyn	2	3338	0.0005991611743559018	Cterm
637485	2260	T	T	syn	9	3342	0.0026929982046678637	Cterm
637548	2239	N	N	syn	5	3346	0.0014943215780035865	Cterm
637554	2237	V	V	syn	2	3352	0.0005966587112171838	Cterm
637641	2208	L	L	syn	4	3348	0.0011947431302270011	Cterm
637647	2206	G	G	syn	51	3340	0.01526946107784431	Cterm
637653	2204	L	L	syn	2	3348	0.0005973715651135006	Cterm
637709	2186	R	R	syn	14	3346	0.0041841004184100415	Cterm
637760	2169	L	M	nonsyn	7	3354	0.0020870602265951103	Cterm
637760	2169	L	L	syn	2	3354	0.0005963029218843172	Cterm
637765	2167	V	A	nonsyn	40	3352	0.011933174224343675	Cterm
637780	2162	T	I	nonsyn	2	3346	0.0005977286312014345	Cterm
637830	2145	K	K	syn	4	3338	0.0011983223487118035	Cterm
637896	2123	T	T	syn	153	3326	0.046001202645820805	Cterm
637905	2120	A	A	syn	3	3336	0.0008992805755395684	Cterm
637906	2120	A	V	nonsyn	1	3338	0.0002995805871779509	Cterm
637917	2116	I	I	syn	15	3354	0.004472271914132379	Cterm
637991	2092	V	I	nonsyn	4	3336	0.001199040767386091	Cterm
638027	2080	L	I	nonsyn	11	3336	0.0032973621103117505	Cterm
638119	2049	S	L	nonsyn	6	3344	0.0017942583732057417	Cterm
638129	2046	A	T	nonsyn	1	3334	0.00029994001199760045	Cterm
638146	2040	A	E	nonsyn	3	3350	0.0008955223880597015	Cterm
638153	2038	P	A	nonsyn	348	3236	0.10754017305315204	Cterm
638153	2038	P	S	nonsyn	135	3236	0.04171817058096415	Cterm
638158	2036	V	E	nonsyn	5	3372	0.0014827995255041518	Cterm
638172	2031	E	D	nonsyn	1	3366	0.00029708853238265005	Cterm
638175	2030	D	D	syn	26	3372	0.00771055753262159	Cterm
638194	2024	K	R	nonsyn	57	3372	0.016903914590747332	Cterm
638223	2014	V	V	syn	4	3354	0.0011926058437686344	Cterm
638316	1983	Y	Y	syn	1789	3102	0.5767246937459704	Cterm
638337	1976	I	I	syn	2	3352	0.0005966587112171838	Cterm
638340	1975	A	A	syn	6	3342	0.0017953321364452424	Cterm
638385	1960	A	A	syn	1661	3098	0.5361523563589412	Cterm
638401	1955	L	P	nonsyn	12	3364	0.0035671819262782403	Cterm
638445	1940	P	P	syn	74	3350	0.02208955223880597	Cterm
638500	1922	D	G	nonsyn	10	3348	0.002986857825567503	Cterm
638538	1909	T	T	syn	2	3336	0.0005995203836930455	Cterm
638599	1889	G	E	nonsyn	355	3324	0.10679903730445246	Cterm
638601	1888	V	V	syn	1	3346	0.00029886431560071725	Cterm
638652	1871	A	A	syn	4	3332	0.0012004801920768306	Cterm
638696	1857	F	L	nonsyn	2	3324	0.0006016847172081829	Cterm
638710	1852	A	D	nonsyn	2	3302	0.0006056935190793458	Cterm
638742	1841	T	T	syn	1	3306	0.00030248033877797946	Cterm
638763	1834	T	T	syn	2	3304	0.0006053268765133172	Cterm
638804	1821	G	S	nonsyn	8	3324	0.0024067388688327317	Cterm
638817	1816	K	K	syn	39	3348	0.011648745519713262	Cterm
638847	1806	Q	Q	syn	2	3332	0.0006002400960384153	Cterm
638850	1805	K	K	syn	4	3332	0.0012004801920768306	Cterm
639019	1749	T	M	nonsyn	7	3360	0.0020833333333333333	Cterm
639038	1743	V	F	nonsyn	2	3346	0.0005977286312014345	Cterm
639060	1735	L	L	syn	2291	3134	0.731014677728143	Cterm
639069	1732	T	T	syn	9	3350	0.0026865671641791043	Cterm
639117	1716	K	N	nonsyn	1	3352	0.0002983293556085919	Cterm
639137	1710	V	I	nonsyn	2	3338	0.0005991611743559018	Cterm
639183	1694	P	P	syn	2	3346	0.0005977286312014345	Cterm
639186	1693	N	N	syn	3	3344	0.0008971291866028708	Cterm
639254	1671	A	S	nonsyn	2	3378	0.0005920663114268798	Cterm
639306	1653	K	K	syn	40	3366	0.011883541295306001	Cterm
639348	1639	C	C	syn	22	3382	0.006505026611472502	Cterm
639371	1632	V	I	nonsyn	2	3380	0.000591715976331361	Cterm
639378	1629	L	L	syn	4	3386	0.0011813349084465446	Cterm
639411	1618	S	S	syn	3	3346	0.0008965929468021519	Cterm
639476	1597	A	S	nonsyn	1	3350	0.00029850746268656717	Cterm
639480	1595	D	D	syn	1816	3098	0.5861846352485475	Cterm
639492	1591	H	H	syn	4	3358	0.0011911852293031567	Cterm
639498	1589	C	C	syn	5	3340	0.0014970059880239522	Cterm
639506	1587	T	S	nonsyn	6	3328	0.0018028846153846155	Cterm
639512	1585	D	N	nonsyn	2	3320	0.0006024096385542169	Cterm
639588	1559	G	G	syn	2	3336	0.0005995203836930455	Cterm
639591	1558	S	S	syn	8	3336	0.002398081534772182	Cterm
639592	1558	S	N	nonsyn	4	3334	0.0011997600479904018	Cterm
639602	1555	L	L	syn	1	3330	0.0003003003003003003	Cterm
639675	1530	I	I	syn	8	3326	0.0024052916416115455	Cterm
639715	1517	A	E	nonsyn	3	3318	0.0009041591320072332	Cterm
639759	1502	T	T	syn	2	3322	0.0006020469596628537	Cterm
639786	1493	I	I	syn	2	3334	0.0005998800239952009	Cterm
639847	1473	A	V	nonsyn	18	3338	0.005392450569203115	Cterm
639848	1473	A	P	nonsyn	57	3336	0.0170863309352518	Cterm
639865	1467	R	K	nonsyn	52	3356	0.015494636471990465	Cterm
639897	1456	N	N	syn	1	3350	0.00029850746268656717	Cterm
639924	1447	P	P	syn	2	3360	0.0005952380952380953	Cterm
639957	1436	F	F	syn	2	3376	0.0005924170616113745	Cterm
639994	1424	G	E	nonsyn	2	3368	0.0005938242280285036	Cterm
640003	1421	A	E	nonsyn	20	3362	0.00594883997620464	Cterm
640005	1420	P	P	syn	2	3362	0.000594883997620464	Cterm
640032	1411	G	G	syn	2	3352	0.0005966587112171838	Cterm
640059	1402	G	G	syn	4	3342	0.0011968880909634949	Cterm
640125	1380	L	L	syn	2	3322	0.0006020469596628537	Cterm
640134	1377	L	L	syn	3	3348	0.0008960573476702509	Cterm
640152	1371	I	I	syn	4	3330	0.0012012012012012011	Cterm
640155	1370	D	E	nonsyn	23	3322	0.006923540036122818	Cterm
640198	1356	S	T	nonsyn	203	3326	0.061034275405892964	Cterm
640233	1344	S	S	syn	7	3346	0.0020920502092050207	Cterm
640266	1333	K	K	syn	2	3344	0.0005980861244019139	Cterm
640302	1321	S	S	syn	1	3334	0.00029994001199760045	Cterm
640359	1302	V	V	syn	5	3336	0.001498800959232614	Cterm
640401	1288	D	E	nonsyn	2	3354	0.0005963029218843172	Cterm
640481	1262	Q	E	nonsyn	23	3346	0.006873879258816497	Cterm
640541	1242	V	I	nonsyn	2	3344	0.0005980861244019139	Cterm
640547	1240	Q	K	nonsyn	5	3356	0.0014898688915375446	Cterm
640548	1239	R	S	nonsyn	13	3358	0.003871351995235259	Cterm
640577	1230	L	V	nonsyn	868	3186	0.2724419334588826	Cterm
640615	1217	N	S	nonsyn	65	3346	0.019426180514046622	Cterm
640620	1215	G	G	syn	1473	3202	0.4600249843847595	Cterm
640623	1214	E	D	nonsyn	20	3342	0.005984440454817474	Cterm
640673	1198	A	P	nonsyn	61	3356	0.018176400476758045	Cterm
640698	1189	D	E	nonsyn	14	3322	0.004214328717639976	Cterm
640698	1189	D	D	syn	125	3322	0.03762793497892836	Cterm
640701	1188	K	K	syn	2	3354	0.0005963029218843172	Cterm
640704	1187	K	N	nonsyn	16	3360	0.004761904761904762	Cterm
640739	1176	D	N	nonsyn	152	3288	0.046228710462287104	Cterm
640766	1167	L	V	nonsyn	22	3296	0.006674757281553398	Cterm
640806	1153	D	D	syn	125	3294	0.03794778384942319	Cterm
640923	1114	P	P	syn	5	3332	0.0015006002400960385	Cterm
640932	1111	D	D	syn	3	3328	0.0009014423076923077	Cterm
640950	1105	A	A	syn	12	3336	0.0035971223021582736	Cterm
640959	1102	E	D	nonsyn	1	3340	0.0002994011976047904	Cterm
640998	1089	C	C	syn	5	3350	0.0014925373134328358	Cterm
641001	1088	G	G	syn	5	3354	0.0014907573047107932	Cterm
641028	1079	V	V	syn	4	3362	0.001189767995240928	Cterm
641048	1073	L	L	syn	16	3368	0.004750593824228029	Cterm
641064	1067	G	G	syn	54	3362	0.016061867935752528	Cterm
641097	1056	I	I	syn	2	3374	0.0005927682276229994	Cterm
641123	1048	V	I	nonsyn	5	3360	0.001488095238095238	Cterm
641155	1037	I	T	nonsyn	1	3366	0.00029708853238265005	Cterm
641173	1031	G	A	nonsyn	4	3392	0.0011792452830188679	Cterm
641205	1020	R	R	syn	2	3382	0.0005913660555884093	Cterm
641222	1015	M	L	nonsyn	9	3384	0.0026595744680851063	Cterm
641269	999	K	M	nonsyn	46	3352	0.013723150357995227	Cterm
641272	998	P	Q	nonsyn	5	3352	0.0014916467780429594	Cterm
641273	998	P	T	nonsyn	50	3350	0.014925373134328358	Cterm
641279	996	E	K	nonsyn	360	3284	0.10962241169305725	Cterm
641344	974	S	F	nonsyn	2	3366	0.0005941770647653001	Cterm
641373	964	M	I	nonsyn	42	3378	0.012433392539964476	Cterm
641377	963	E	V	nonsyn	10	3368	0.0029691211401425177	Cterm
641384	961	A	T	nonsyn	2	3374	0.0005927682276229994	Cterm
641418	949	D	E	nonsyn	1	3376	0.0002962085308056872	ICP
641537	910	A	T	nonsyn	8	3390	0.002359882005899705	ICP
641551	905	R	T	nonsyn	2	3394	0.0005892751915144372	ICP
641561	902	R	S	nonsyn	1	3376	0.0002962085308056872	ICP
641589	892	S	S	syn	2	3376	0.0005924170616113745	ICP
641668	866	S	N	nonsyn	10	3362	0.00297441998810232	ICP
641712	851	V	V	syn	2	3360	0.0005952380952380953	ICP
641757	836	G	G	syn	5	3342	0.0014961101137043686	ICP
641772	831	V	V	syn	10	3330	0.003003003003003003	ICP
641820	815	V	V	syn	2	3342	0.0005984440454817474	ICP
641822	815	V	I	nonsyn	14	3346	0.0041841004184100415	ICP
641849	806	V	I	nonsyn	16	3346	0.004781829049611476	ICP
641922	781	G	G	syn	49	3328	0.014723557692307692	ICP
641927	780	D	N	nonsyn	2	3330	0.0006006006006006006	ICP
641958	769	N	K	nonsyn	4	3354	0.0011926058437686344	ICP
641985	760	G	G	syn	1	3348	0.0002986857825567503	ICP
642024	747	L	L	syn	3	3366	0.00089126559714795	ICP
642063	734	I	I	syn	2	3326	0.0006013229104028864	ICP
642101	722	Q	K	nonsyn	4	3324	0.0012033694344163659	ICP
642106	720	D	A	nonsyn	426	3200	0.133125	ICP
642107	720	D	N	nonsyn	426	3202	0.1330418488444722	ICP
642117	716	L	L	syn	4	3352	0.0011933174224343676	ICP
642125	714	S	G	nonsyn	1	3344	0.0002990430622009569	ICP
642153	704	Q	Q	syn	8	3370	0.002373887240356083	ICP
642186	693	G	G	syn	38	3330	0.011411411411411412	ICP
642249	672	N	N	syn	17	3348	0.005077658303464755	ICP
642408	619	K	K	syn	3	3334	0.0008998200359928015	ICP
642453	604	Y	Y	syn	1434	3272	0.4382640586797066	ICP
642469	599	I	T	nonsyn	5	3362	0.00148720999405116	ICP
642525	580	V	V	syn	7	3330	0.002102102102102102	ICP
642546	573	A	A	syn	2	3344	0.0005980861244019139	ICP
642573	564	D	D	syn	27	3318	0.0081374321880651	ICP
642603	554	Q	Q	syn	16	3364	0.0047562425683709865	ICP
642607	553	K	M	nonsyn	2	3368	0.0005938242280285036	ICP
642651	538	L	L	syn	8	3402	0.0023515579071134627	ICP
642693	524	Y	Y	syn	6	3380	0.0017751479289940828	ICP
642702	521	H	H	syn	6	3368	0.0017814726840855108	ICP
642743	508	L	M	nonsyn	2	3372	0.0005931198102016608	ICP
642932	445	E	Q	nonsyn	2	3324	0.0006016847172081829	ICP
643032	411	G	G	syn	6	3330	0.0018018018018018018	ICP
643040	409	G	R	nonsyn	9	3334	0.0026994601079784043	ICP
643090	392	A	V	nonsyn	19	3366	0.00564468211527035	ICP
643130	379	A	T	nonsyn	78	3330	0.023423423423423424	ICP
643172	365	E	K	nonsyn	268	3318	0.0807715491259795	ICP
643172	365	E	X	nonsyn	2	3318	0.0006027727546714888	ICP
643197	356	E	E	syn	21	3312	0.006340579710144928	ICP
643227	346	K	K	syn	4	3324	0.0012033694344163659	ICP
643271	332	A	S	nonsyn	2	3326	0.0006013229104028864	ICP
643353	304	K	N	nonsyn	3	3338	0.0008987417615338526	ICP
643362	301	F	F	syn	72	3346	0.021518230723251645	ICP
643394	291	A	T	nonsyn	2	3346	0.0005977286312014345	ICP
643404	287	P	P	syn	1963	3102	0.6328175370728563	ICP
643412	285	V	I	nonsyn	866	3204	0.2702871410736579	ICP
643412	285	V	L	nonsyn	619	3204	0.1931960049937578	ICP
643412	285	V	L	nonsyn	24	3204	0.00749063670411985	ICP
643464	267	K	N	nonsyn	2	3350	0.0005970149253731343	IVP
643474	264	D	A	nonsyn	1723	3100	0.5558064516129032	IVP
643475	264	D	N	nonsyn	113	3296	0.03428398058252427	IVP
643511	252	V	M	nonsyn	215	3294	0.0652701882210079	IVP
643537	243	A	V	nonsyn	4	3370	0.0011869436201780415	IVP
643538	243	A	T	nonsyn	4	3366	0.0011883541295306002	IVP
643613	218	D	N	nonsyn	2	3350	0.0005970149253731343	IVP
643628	213	F	V	nonsyn	1113	3098	0.3592640413169787	IVP
643646	207	A	S	nonsyn	15	3354	0.004472271914132379	IVP
643684	194	G	V	nonsyn	110	3346	0.0328750747160789	IVP
643768	166	G	V	nonsyn	4	3114	0.0012845215157353885	IVP
643773	164	D	E	nonsyn	3	3218	0.0009322560596643878	IVP
643776	163	E	D	nonsyn	3	3266	0.0009185548071034905	IVP
643795	157	A	G	nonsyn	12	3326	0.0036079374624173183	IVP
643844	141	Q	E	nonsyn	2	3380	0.000591715976331361	IVP
643847	140	G	S	nonsyn	1	3396	0.0002944640753828033	IVP
643852	138	L	P	nonsyn	2	3380	0.000591715976331361	IVP
643871	132	S	R	nonsyn	4	3364	0.0011890606420927466	IVP
643882	128	G	E	nonsyn	7	3338	0.002097064110245656	IVP
643893	124	R	R	syn	23	3326	0.006915213469633193	IVP
643893	124	R	S	nonsyn	6	3326	0.0018039687312086591	IVP
643909	119	D	G	nonsyn	2	3322	0.0006020469596628537	IVP
643910	119	D	Y	nonsyn	3	3338	0.0008987417615338526	IVP
643930	112	R	H	nonsyn	207	3288	0.06295620437956205	IVP
643931	112	R	C	nonsyn	167	3288	0.05079075425790754	IVP
643932	111	G	G	syn	2	3322	0.0006020469596628537	IVP
643933	111	G	D	nonsyn	19	3312	0.005736714975845411	IVP
643958	103	E	Q	nonsyn	2	3248	0.0006157635467980296	IVP
643960	102	C	Y	nonsyn	759	2982	0.2545271629778672	IVP
643961	102	C	R	nonsyn	10	3152	0.0031725888324873096	IVP
643964	101	I	V	nonsyn	6	3242	0.001850709438618137	IVP
643971	98	H	X	nonsyn	11	3370	0.0032640949554896144	IVP
643971	98	H	Q	nonsyn	2	3370	0.0005934718100890207	IVP
643977	96	V	X	nonsyn	68	2700	0.025185185185185185	IVP
643977	96	V	V	syn	6	2700	0.0022222222222222222	IVP
643980	95	R	X	nonsyn	60	3356	0.017878426698450536	IVP
643980	95	R	R	syn	6	3356	0.0017878426698450535	IVP
644000	89	I	X	nonsyn	42	3138	0.01338432122370937	IVP
644000	89	I	V	nonsyn	1	3138	0.00031867431485022306	IVP
644006	87	E	K	nonsyn	3	3234	0.0009276437847866419	IVP
644006	87	E	X	nonsyn	38	3234	0.011750154607297465	IVP
644016	83	R	R	syn	34	3336	0.010191846522781775	IVP
644016	83	R	X	nonsyn	2	3336	0.0005995203836930455	IVP
644035	77	G	V	nonsyn	54	3346	0.016138673042438732	IVP
644035	77	G	X	nonsyn	8	3346	0.002390914524805738	IVP
644047	73	R	M	nonsyn	36	3374	0.01066982809721399	IVP
644047	73	R	X	nonsyn	87	3374	0.025785417901600473	IVP
644057	70	H	Y	nonsyn	2	3386	0.0005906674542232723	IVP
644057	70	H	X	nonsyn	87	3386	0.025694034258712344	IVP
644064	67	Q	H	nonsyn	158	2902	0.05444521019986216	IVP
644064	67	Q	X	nonsyn	84	2902	0.028945554789800137	IVP
644066	67	Q	X	nonsyn	82	3376	0.02428909952606635	IVP
644066	67	Q	*	stop	2	3376	0.0005924170616113745	IVP
644080	62	C	Y	nonsyn	153	3250	0.04707692307692308	IVP
644080	62	C	X	nonsyn	10	3250	0.003076923076923077	IVP
644084	61	R	X	nonsyn	13	3360	0.003869047619047619	IVP
644084	61	R	R	syn	2	3360	0.0005952380952380953	IVP
644107	53	I	S	nonsyn	29	3288	0.008819951338199513	IVP
644107	53	I	X	nonsyn	31	3288	0.009428223844282239	IVP
644108	53	I	V	nonsyn	29	3284	0.008830694275274055	IVP
644108	53	I	X	nonsyn	31	3284	0.009439707673568819	IVP
644112	51	E	D	nonsyn	27	3286	0.008216676810712111	IVP
644112	51	E	X	nonsyn	13	3286	0.003956177723676202	IVP
644115	50	Y	X	nonsyn	13	3314	0.003922751961375981	IVP
644115	50	Y	Y	syn	2	3314	0.0006035003017501509	IVP
644116	50	Y	C	nonsyn	34	3198	0.010631644777986242	IVP
644116	50	Y	X	nonsyn	13	3198	0.0040650406504065045	IVP
644118	49	S	R	nonsyn	34	3222	0.010552451893234015	IVP
644118	49	S	X	nonsyn	13	3222	0.0040347610180012415	IVP
644122	48	G	E	nonsyn	2	3280	0.0006097560975609756	IVP
644132	45	A	T	nonsyn	3	3214	0.0009334163036714375	IVP
644137	43	S	I	nonsyn	191	3208	0.05953865336658354	IVP
644158	36	L	Q	nonsyn	1	3288	0.00030413625304136254	IVP
644174	31	G	S	nonsyn	5	3314	0.0015087507543753772	IVP
644178	29	A	A	syn	6	3324	0.0018050541516245488	IVP
644187	26	G	G	syn	2	3322	0.0006020469596628537	IVP
644198	23	Q	E	nonsyn	45	3322	0.013546056592414209	IVP
644208	19	I	I	syn	1	3312	0.00030193236714975844	IVP
644215	17	V	A	nonsyn	10	3310	0.0030211480362537764	IVP
644223	14	L	L	syn	4	3316	0.0012062726176115801	IVP
