PVP01_id	gene_symbol	chrom	start	end	family_bucket	priority_category	p_busted	neglogp	description
PVP01_1255400	PVP01_1255400	LT635623.1	2269996	2272783	other	non-priority	0.0	300.0	LCCL domain-containing protein, putative
PVP01_0815500	PVP01_0815500	LT635619.1	686350	689582	other	non-priority	1.182817788158985e-09	8.927082152829383	RMI1 domain-containing protein, putative
PVP01_0929400	PVP01_0929400	LT635620.2	1282603	1285931	other	non-priority	3.03957645053643e-07	6.517186928894588	CCR4-NOT transcription complex subunit 2, putative
PVP01_0104700	PVP01_0104700	LT635612.2	241982	247757	other	non-priority	1.859189115605009e-06	5.730676431806179	serine/threonine protein kinase, putative
PVP01_1027200	PVP01_1027200	LT635621.2	1172065	1177700	other	non-priority	3.887257261192545e-06	5.410356716528712	transcription factor 25, putative
PVP01_1219200	PVP01_1219200	LT635623.1	787012	790775	hypothetical	non-priority	1.117756978269435e-05	4.951652610107259	hypothetical protein
PVP01_1110200	PVP01_1110200	LT635622.1	403243	413106	other	non-priority	2.893228471917419e-05	4.538617269713528	glideosome-associated connector, putative
PVP01_1220100	PVP01_1220100	LT635623.1	810394	810924	hypothetical	non-priority	2.91875695004884e-05	4.534802067960728	hypothetical protein
PVP01_1135000	PVP01_1135000	LT635622.1	1489708	1492905	other	non-priority	3.218409817079548e-05	4.492358655711163	filamin domain-containing protein, putative
PVP01_0306600	PVP01_0306600	LT635614.2	329522	332739	other	non-priority	4.059398523298396e-05	4.391538310601067	transcription factor, putative
PVP01_1258300	PVP01_1258300	LT635623.1	2399066	2401338	other	non-priority	6.891191615004955e-05	4.1617056740176395	HSP20-like chaperone, putative
PVP01_1227100	PVP01_1227100	LT635623.1	1069405	1074801	other	non-priority	7.307167805137293e-05	4.136250919203522	subpellicular microtubule protein 3, putative
PVP01_1334300	PVP01_1334300	LT635624.2	1475301	1480371	other	non-priority	0.0001076117860163706	3.968140160625395	mRNA-capping enzyme subunit alpha, putative
PVP01_1120000	PVP01_1120000	LT635622.1	862763	866375	other	non-priority	0.0001978037756366624	3.7037654229384422	amino acid transporter AAT1, putative
PVP01_1323000	PVP01_1323000	LT635624.2	1038070	1040533	other	non-priority	0.0002257669170763199	3.6463396974147764	dynein intermediate chain, putative
PVP01_0109200	PVP01_0109200	LT635612.2	438596	440652	other	non-priority	0.0002640975218916042	3.578235673892853	protein SCO1, putative
PVP01_1344100	CSS	LT635624.2	1937424	1939531	other	invasion	0.0003918352814164527	3.406896462076282	cysteine-rich small secreted protein CSS, putative
PVP01_0115400	PVP01_0115400	LT635612.2	690937	694117	other	non-priority	0.0004524259595355407	3.3444524838535967	conserved protein, unknown function
PVP01_0909900	PVP01_0909900	LT635620.2	511110	516409	conserved (housekeeping-like)	non-priority	0.0008144417647727997	3.089139963709071	conserved Plasmodium protein, unknown function
PVP01_0715700	PVP01_0715700	LT635618.2	707529	709214	other	non-priority	0.0009035832402721766	3.0440318330026863	conserved protein, unknown function
PVP01_1255000	RON2	LT635623.1	2244161	2253467	other	invasion	0.001128589445044292	2.947464015717985	rhoptry neck protein 2
PVP01_0107900	PVP01_0107900	LT635612.2	393616	399038	other	non-priority	0.001505624005578965	2.82228346949641	E3 ubiquitin-protein ligase, putative
PVP01_1252800	PVP01_1252800	LT635623.1	2155847	2162148	conserved (housekeeping-like)	non-priority	0.00206441256963491	2.685203505295526	conserved Plasmodium protein, unknown function
PVP01_0616400	PVP01_0616400	LT635617.2	677827	680972	other	non-priority	0.002346545399177002	2.629571038970633	SAE2 domain-containing protein, putative
PVP01_0409900	PVP01_0409900	LT635615.1	398131	402822	other	non-priority	0.002854895093248766	2.544409845828029	acyl-CoA synthetase, putative
PVP01_1427700	PVP01_1427700	LT635625.2	1180438	1183776	other	non-priority	0.003007313229553221	2.5218213351911625	RNA-binding protein, putative
PVP01_0531900	AARP	LT635616.2	1342988	1345084	other	invasion	0.003132943264916421	2.5040474697709696	apical asparagine-rich protein AARP
PVP01_1464900	PVP01_1464900	LT635625.2	2773346	2778988	other	non-priority	0.003155623517841877	2.5009148159432453	dipeptidyl aminopeptidase 2, putative
PVP01_0815300	tRNA	LT635619.1	679734	684121	non-coding	non-priority	0.003296719985032726	2.4819179391533495	cysteine--tRNA ligase, putative
PVP01_0913000	PVP01_0913000	LT635620.2	604005	605930	other	non-priority	0.00370041914140784	2.4317490812057123	ubiquinone biosynthesis protein COQ4, putative
PVP01_0926500	PVP01_0926500	LT635620.2	1168034	1171798	other	non-priority	0.00382718369867624	2.417120691836971	kelch domain-containing protein, putative
PVP01_0944000	PVP01_0944000	LT635620.2	1941664	1945006	other	non-priority	0.004239056562141186	2.372730788559895	DNA-directed RNA polymerases I and III subunit RPAC1, putative
PVP01_1406800	PVP01_1406800	LT635625.2	324710	330198	conserved (housekeeping-like)	non-priority	0.004659947357052829	2.33161898946249	conserved Plasmodium protein, unknown function
PVP01_1341500	PVP01_1341500	LT635624.2	1825944	1828399	conserved (housekeeping-like)	non-priority	0.004706333672016394	2.3273172852393973	conserved Plasmodium protein, unknown function
PVP01_0707500	PVP01_0707500	LT635618.2	390812	395052	conserved (housekeeping-like)	non-priority	0.004892579798670083	2.31046208220763	conserved Plasmodium protein, unknown function
PVP01_1455000	PVP01_1455000	LT635625.2	2386449	2392164	conserved (housekeeping-like)	non-priority	0.005766052286987788	2.2391214237155332	conserved Plasmodium protein, unknown function
PVP01_1107700	PVP01_1107700	LT635622.1	299145	304171	other	non-priority	0.005814044608729474	2.2355216403931224	pre-mRNA-splicing factor ATP-dependent RNA helicase PRP16, putative
PVP01_1243600	PVP01_1243600	LT635623.1	1771199	1774850	other	non-priority	0.005854638065561468	2.2324999478995595	replication factor C subunit 3, putative
PVP01_0815600	PVP01_0815600	LT635619.1	689255	690973	other	non-priority	0.00595902740136478	2.224824617556559	nucleotidyltransferase, putative
PVP01_1469500	PVP01_1469500	LT635625.2	2962677	2974305	hypothetical	non-priority	0.006213779037870348	2.20664419432852	hypothetical protein
PVP01_1444900	PVP01_1444900	LT635625.2	1943799	1945715	other	non-priority	0.006896562468220013	2.1613673256516455	U3 small nucleolar RNA-interacting protein 2, putative
PVP01_1133300	PVP01_1133300	LT635622.1	1420989	1425730	other	non-priority	0.006923422145011404	2.159679187143495	conserved oligomeric Golgi complex subunit 4, putative
PVP01_1267500	PVP01_1267500	LT635623.1	2809033	2816677	other	non-priority	0.007053611619941558	2.151588456769436	oocyst rupture protein 2, putative
PVP01_0214500	PVP01_0214500	LT635613.2	615271	618666	conserved (housekeeping-like)	non-priority	0.007529443625178212	2.1232371140306645	conserved Plasmodium protein, unknown function
PVP01_0213000	PVP01_0213000	LT635613.2	545364	547727	other	non-priority	0.009194013522069278	2.0364948618478635	DNA (cytosine-5)-methyltransferase, putative
PVP01_1320300	PVP01_1320300	LT635624.2	922228	924018	other	non-priority	0.009299260187929814	2.0315516008094967	ribosomal protein L15, apicoplast, putative
PVP01_1121800	PVP01_1121800	LT635622.1	965665	973993	other	non-priority	0.009371196979689689	2.0282049332879772	transportin, putative
PVP01_1142800	PVP01_1142800	LT635622.1	1815171	1817570	other	non-priority	0.009925508337646438	2.003247241483604	RNA-binding protein, putative
PVP01_1117500	rRNA	LT635622.1	743660	747778	non-coding	non-priority	0.009938363796223204	2.0026851098444083	large subunit rRNA methyltransferase, putative
PVP01_1262300	PVP01_1262300	LT635623.1	2564505	2566377	other	non-priority	0.0102771802816139	1.9881260250404984	shikimate dehydrogenase, putative
PVP01_1314100	PVP01_1314100	LT635624.2	641206	643089	other	non-priority	0.0109663030316377	1.9599397574357806	ER membrane protein complex subunit 4, putative
PVP01_0612400	PVP01_0612400	LT635617.2	542683	548165	other	non-priority	0.01182721823256327	1.9271173896332834	merozoite capping protein 1, putative
PVP01_1014900	PVP01_1014900	LT635621.2	670334	672868	other	non-priority	0.01224497683387171	1.9120420321751348	histone RNA hairpin-binding protein, putative
PVP01_0606600	PVP01_0606600	LT635617.2	264218	268306	other	non-priority	0.01255586933467662	1.9011532125263273	endomembrane protein 70, putative
PVP01_1256500	PVP01_1256500	LT635623.1	2315826	2322972	conserved (housekeeping-like)	non-priority	0.01256863263434849	1.9007119674738262	conserved Plasmodium protein, unknown function
PVP01_1251900	PVP01_1251900	LT635623.1	2127552	2130585	other	non-priority	0.01270830396632061	1.8959124059540382	MFS-type transporter, putative
PVP01_0824700	PVP01_0824700	LT635619.1	1096005	1101187	conserved (housekeeping-like)	non-priority	0.0137147807510235	1.8628111307777713	conserved Plasmodium protein, unknown function
PVP01_1421800	PVP01_1421800	LT635625.2	940858	944531	conserved (housekeeping-like)	non-priority	0.01500730378348242	1.8236973262201597	conserved Plasmodium protein, unknown function
PVP01_1110900	PVP01_1110900	LT635622.1	433477	440290	other	non-priority	0.01618760321826623	1.7908174493403541	protein transport protein Sec24A, putative
PVP01_1250600	PVP01_1250600	LT635623.1	2067718	2069610	conserved (housekeeping-like)	non-priority	0.0168393368039369	1.7736750166405408	conserved Plasmodium protein, unknown function
PVP01_0914200	PVP01_0914200	LT635620.2	655707	659713	other	non-priority	0.01698763642369511	1.7698670425290544	ubiquitin domain-containing protein DSK2, putative
PVP01_1121600	PVP01_1121600	LT635622.1	957509	961476	other	non-priority	0.01832122972666467	1.7370453797085035	ribonuclease P protein subunit p29, putative
PVP01_0106100	PVP01_0106100	LT635612.2	322345	324771	other	non-priority	0.01877372013951895	1.7264496604644388	ATP synthase subunit C, putative
PVP01_1419700	PVP01_1419700	LT635625.2	852313	854499	other	non-priority	0.02021435420136913	1.694340128743459	translocation protein SEC63, putative
PVP01_1439400	PVP01_1439400	LT635625.2	1682416	1686183	conserved (housekeeping-like)	non-priority	0.02024359500249412	1.6937123598606518	conserved Plasmodium protein, unknown function
PVP01_0943100	PVP01_0943100	LT635620.2	1908299	1911081	other	non-priority	0.02177757601199726	1.6619904617335595	coproporphyrinogen-III oxidase, putative
PVP01_0703300	PVP01_0703300	LT635618.2	186816	194981	other	non-priority	0.02204765352362015	1.6566376246074739	copper-transporting ATPase, putative
PVP01_0513900	PVP01_0513900	LT635616.2	580432	582036	conserved (housekeeping-like)	non-priority	0.02247936346072232	1.6482159906745857	conserved Plasmodium protein, unknown function
PVP01_1212700	PVP01_1212700	LT635623.1	556657	560956	other	non-priority	0.02256957838268209	1.6464765538059294	aconitate hydratase, putative, iron regulatory protein, putative
PVP01_0208600	PVP01_0208600	LT635613.2	357333	359351	other	non-priority	0.02271831850208272	1.6436238161076497	EF hand domain-containing protein, putative
PVP01_1431700	PVP01_1431700	LT635625.2	1386005	1390308	other	non-priority	0.02426638045446694	1.6149949977051978	succinate dehydrogenase [ubiquinone] iron-sulfur subunit, mitochondrial, putativ
PVP01_1261200	PVP01_1261200	LT635623.1	2521521	2527197	conserved (housekeeping-like)	non-priority	0.02613234426657823	1.5828216290644084	conserved Plasmodium protein, unknown function
PVP01_1114000	PVP01_1114000	LT635622.1	603388	606079	other	non-priority	0.02755664494566185	1.559773659416177	pyrroline-5-carboxylate reductase, putative
PVP01_0621900	PVP01_0621900	LT635617.2	892507	897821	other	non-priority	0.02756732751658758	1.559605334041338	dynamin-like protein, putative
PVP01_0521500	PVP01_0521500	LT635616.2	871173	873700	other	non-priority	0.0278617899671208	1.5549909859783924	ATPase GET3, putative
PVP01_1407700	PVP01_1407700	LT635625.2	369673	372591	other	non-priority	0.02815433137447421	1.5504547820798307	RED-like protein, putative
PVP01_1210600	PVP01_1210600	LT635623.1	439516	444778	other	non-priority	0.02842289269320686	1.5463317245518475	endoplasmic reticulum chaperone GRP170, putative
PVP01_0617000	PVP01_0617000	LT635617.2	703169	705601	conserved (housekeeping-like)	non-priority	0.02866370614351621	1.5426676571480982	conserved Plasmodium protein, unknown function
PVP01_0806900	PVP01_0806900	LT635619.1	295221	299038	other	non-priority	0.02924024385963769	1.5340190097424473	rho GTPase-activating protein, putative
PVP01_0215400	PVP01_0215400	LT635613.2	646881	651577	other	non-priority	0.02939744283208634	1.5316904455135092	zinc finger protein, putative
PVP01_1209100	PVP01_1209100	LT635623.1	375151	378382	other	non-priority	0.0317856584977308	1.497768786940194	isocitrate dehydrogenase [NADP], mitochondrial, putative
PVP01_1437100	PVP01_1437100	LT635625.2	1556502	1561611	other	non-priority	0.03193188576148898	1.4957754331164974	AP-2 complex subunit mu, putative
PVP01_0308100	PVP01_0308100	LT635614.2	392161	393198	conserved (housekeeping-like)	non-priority	0.03217432244690549	1.4924905900542977	conserved Plasmodium protein, unknown function
PVP01_0804500	PVP01_0804500	LT635619.1	221199	223200	other	non-priority	0.03255572859403599	1.4873725807401046	ADP,ATP carrier protein 2, putative
PVP01_1117300	PVP01_1117300	LT635622.1	735657	739983	other	non-priority	0.03273197169512165	1.4850278330506819	adenylosuccinate synthetase, putative
PVP01_0939500	PVP01_0939500	LT635620.2	1697260	1706000	other	non-priority	0.03510460281088112	1.4546359364027988	protein phosphatase PPM2, putative
PVP01_0415800	Pvs230	LT635615.1	635423	644835	other	vaccine_target	0.03697576673878422	1.432082811598263	6-cysteine protein P230, putative
PVP01_0530900	PVP01_0530900	LT635616.2	1312241	1315364	other	non-priority	0.03821977706479385	1.417711850504769	40S ribosomal protein S19, putative
PVP01_1261300	PVP01_1261300	LT635623.1	2527490	2530370	conserved (housekeeping-like)	non-priority	0.0388699071185748	1.41038649713407	conserved Plasmodium protein, unknown function
PVP01_1429900	PVP01_1429900	LT635625.2	1287316	1290360	other	non-priority	0.03899105841353001	1.4090349757143785	aquaporin, putative
PVP01_0909400	PVP01_0909400	LT635620.2	497698	501590	other	non-priority	0.03941743878979487	1.4043115981082157	endoplasmic reticulum-resident calcium binding protein, putative
PVP01_0209900	PVP01_0209900	LT635613.2	400759	402474	other	non-priority	0.04113298767837253	1.3858097445363664	novel putative transporter 1, putative
PVP01_1233600	PVP01_1233600	LT635623.1	1348580	1352739	other	non-priority	0.04174091597051161	1.379438024926194	DnaJ protein, putative
PVP01_0932300	PVP01_0932300	LT635620.2	1377773	1380192	conserved (housekeeping-like)	non-priority	0.04255014726194406	1.3710989325255971	conserved Plasmodium protein, unknown function
PVP01_1010000	PVP01_1010000	LT635621.2	444274	446584	other	non-priority	0.04320260472007159	1.3644900684292463	MerC domain-containing protein, putative
PVP01_1014700	PVP01_1014700	LT635621.2	665395	669306	other	non-priority	0.044251703348681	1.3540700076623071	V-type proton ATPase 16 kDa proteolipid subunit, putative
PVP01_1329100	PVP01_1329100	LT635624.2	1231473	1234446	other	non-priority	0.04459934094593732	1.3506715589034968	glutathione reductase, putative
PVP01_1120100	PVP01_1120100	LT635622.1	862770	871661	other	non-priority	0.04491685543003854	1.3475906557317165	polyadenylate-binding protein 3, putative
PVP01_1106200	PVP01_1106200	LT635622.1	248387	252567	conserved (housekeeping-like)	non-priority	0.04512535651578081	1.345579353901251	conserved Plasmodium protein, unknown function
PVP01_0305500	PVP01_0305500	LT635614.2	290293	293281	other	non-priority	0.04550945629710879	1.3418983529923096	V-type proton ATPase subunit B, putative
PVP01_1127100	PVP01_1127100	LT635622.1	1192877	1194459	other	non-priority	0.04573160138776389	1.3397835906225466	conserved protein, unknown function
PVP01_1340200	PVP01_1340200	LT635624.2	1747672	1751661	conserved (housekeeping-like)	non-priority	0.04684169344535682	1.3293674124750063	conserved Plasmodium protein, unknown function
PVP01_1331100	PVP01_1331100	LT635624.2	1302681	1308080	other	non-priority	0.04690924579057648	1.3287415496071797	DNA replication licensing factor MCM2, putative
PVP01_0414400	PVP01_0414400	LT635615.1	586469	589987	conserved (housekeeping-like)	non-priority	0.04756628238771465	1.3227007901733934	conserved Plasmodium protein, unknown function
PVP01_1122200	PVP01_1122200	LT635622.1	981037	985917	other	non-priority	0.04898569556628418	1.309930720860897	E3 ubiquitin-protein ligase RNF5, putative
PVP01_0711500	PVP01_0711500	LT635618.2	556724	559033	other	non-priority	0.04912953387241203	1.3086573563129626	heptatricopeptide repeat-containing protein, putative
PVP01_0721600	PVP01_0721600	LT635618.2	938690	939712	other	non-priority	0.04977592665855429	1.3029806461383096	OTU domain-containing protein, putative
PVP01_1312900	PVP01_1312900	LT635624.2	580726	585066	other	non-priority	0.05100669957368065	1.2923727769061908	cGMP-dependent protein kinase
PVP01_1214700	PVP01_1214700	LT635623.1	619782	622178	other	non-priority	0.05127038642836179	1.2901334092404526	exosome complex component RRP42, putative
PVP01_0411100	PVP01_0411100	LT635615.1	453798	455945	other	non-priority	0.05163913118707031	1.2870210732188494	conserved protein, unknown function
PVP01_0814700	PVP01_0814700	LT635619.1	642619	652832	other	non-priority	0.05337401117130913	1.2726701578090178	transcriptional coactivator ADA2, putative
PVP01_1208900	PVP01_1208900	LT635623.1	368146	370482	other	non-priority	0.05401138235918973	1.2675147073089676	kinetochore protein SPC25, putative
PVP01_1308100	PVP01_1308100	LT635624.2	377515	380085	other	non-priority	0.05411380565539614	1.2666919224152293	mago-binding protein, putative
PVP01_1456900	PVP01_1456900	LT635625.2	2463764	2468960	other	non-priority	0.05490227396464148	1.2604096673924625	acyl-CoA synthetase, putative
PVP01_0908400	PVP01_0908400	LT635620.2	447240	450787	other	non-priority	0.05577848295956783	1.2535333016735526	coiled-coil domain-containing protein 40, putative
PVP01_1344400	PVP01_1344400	LT635624.2	1948888	1951052	other	non-priority	0.0563349123970589	1.2492223766908765	ribosomal protein L16, mitochondrial, putative
PVP01_0836000	PVP01_0836000	LT635619.1	1519838	1524162	other	non-priority	0.05696861578846041	1.2443643328118252	EH domain-containing protein, putative
PVP01_1418000	PVP01_1418000	LT635625.2	782759	787987	other	non-priority	0.05923623070543049	1.227412584112899	DNA replication licensing factor MCM4, putative
PVP01_1403000	GAP	LT635625.2	139280	144474	conserved (housekeeping-like)	sexual_stage_transmission	0.0596469673548039	1.22441163237177	conserved Plasmodium protein, unknown function
PVP01_1342000	PVP01_1342000	LT635624.2	1844864	1846898	other	non-priority	0.06010836385636414	1.2210650933227385	vacuolar protein sorting-associated protein 29, putative
PVP01_1317000	PVP01_1317000	LT635624.2	793874	796477	other	non-priority	0.06053429495129009	1.217998511491834	RNA methyltransferase, putative
PVP01_1217400	PVP01_1217400	LT635623.1	725775	730129	other	non-priority	0.06156268016683603	1.2106824811678851	exonuclease, putative
PVP01_0522600	PVP01_0522600	LT635616.2	910004	912439	conserved (housekeeping-like)	non-priority	0.06172807939083486	1.2095172354731696	conserved Plasmodium protein, unknown function
PVP01_0713800	PVP01_0713800	LT635618.2	638077	644745	other	non-priority	0.06183450107354765	1.2087691390703337	ATP-dependent 6-phosphofructokinase, putative
PVP01_0508500	PVP01_0508500	LT635616.2	395165	399078	other	non-priority	0.06194130166133216	1.2080196724310557	PH-like domain-containing protein, putative
PVP01_1237100	PVP01_1237100	LT635623.1	1464994	1466463	other	non-priority	0.06326240514267245	1.1988543008753283	mediator of RNA polymerase II transcription subunit 6, putative
PVP01_1431600	PVP01_1431600	LT635625.2	1377647	1385026	other	non-priority	0.06548887176999563	1.1838324914506588	eukaryotic translation initiation factor 3 subunit A, putative
PVP01_0532000	PVP01_0532000	LT635616.2	1345107	1350142	other	non-priority	0.06700558250206484	1.1738890129880708	glideosome associated protein with multiple membrane spans 2, putative
PVP01_1004800	PVP01_1004800	LT635621.2	231237	235241	other	non-priority	0.06734307466966138	1.1717070589965772	T-cell immunomodulatory protein homolog, putative
PVP01_1103900	PVP01_1103900	LT635622.1	162752	165509	other	non-priority	0.06777654351700951	1.168920583178877	26S proteasome regulatory subunit RPN11, putative
PVP01_0709400	PVP01_0709400	LT635618.2	477298	481513	other	non-priority	0.06993268818511661	1.1553197773292767	DNA primase large subunit, putative
PVP01_0835500	PVP01_0835500	LT635619.1	1501881	1506430	conserved (housekeeping-like)	non-priority	0.0702044846330907	1.1536351444343578	conserved Plasmodium protein, unknown function
PVP01_1146600	PVP01_1146600	LT635622.1	1981926	1982852	other	non-priority	0.07061667291397955	1.151092747961506	liver merozoite formation protein, putative
PVP01_1109600	PVP01_1109600	LT635622.1	379144	388694	other	non-priority	0.07072973162895552	1.1503979897654935	calpain, putative
PVP01_0813000	PVP01_0813000	LT635619.1	549543	554059	other	non-priority	0.0716002971534841	1.145085175291996	autophagy-related protein 18, putative
PVP01_0914800	PVP01_0914800	LT635620.2	674904	677578	other	non-priority	0.07218447880054807	1.1415561749501284	dynein light chain Tctex-type, putative
PVP01_0529100	PVP01_0529100	LT635616.2	1199865	1202696	other	non-priority	0.07244979088389292	1.1399628637207908	apical merozoite protein
PVP01_1409200	PVP01_1409200	LT635625.2	414672	423326	other	non-priority	0.0727825244878314	1.1379728848294677	carbamoyl phosphate synthetase, putative
PVP01_1435300	MGET	LT635625.2	1490800	1493286	other	sexual_stage_transmission	0.07349307365529706	1.1337535890114177	male development gene 1, putative
PVP01_1256200	PVP01_1256200	LT635623.1	2306625	2309158	other	non-priority	0.07431739293721062	1.1289095338481419	conserved protein, unknown function
PVP01_1320400	PVP01_1320400	LT635624.2	925429	926181	other	non-priority	0.07548634250560698	1.1221316167283102	protein archease, putative
PVP01_1208000	Pvs47	LT635623.1	323002	326533	other	vaccine_target	0.07554250615533653	1.1218086113620942	6-cysteine protein P47
PVP01_0813200	PVP01_0813200	LT635619.1	557987	562088	other	non-priority	0.07682212440070213	1.1145136872418477	U3 small nucleolar RNA-associated protein 13, putative
PVP01_1458000	PVP01_1458000	LT635625.2	2530388	2534536	other	non-priority	0.0793464427612629	1.1004725386480598	vacuolar protein sorting-associated protein 16, putative
PVP01_1424200	PVP01_1424200	LT635625.2	1051336	1051813	other	non-priority	0.07943733575686163	1.0999753300400745	C-Myc-binding protein, putative
PVP01_1238400	PVP01_1238400	LT635623.1	1519812	1525755	other	non-priority	0.07957920432135984	1.0992004074938568	C3H1-type zinc finger protein CZIF1, putative
PVP01_1126200	PVP01_1126200	LT635622.1	1144078	1147514	other	non-priority	0.08022132612724553	1.0957101630351909	EGF-like membrane protein, putative
PVP01_1257500	PVP01_1257500	LT635623.1	2357125	2366210	other	non-priority	0.08039669281352202	1.0947618159577572	AP2 domain transcription factor AP2-O5, putative
PVP01_1215400	PVP01_1215400	LT635623.1	642126	643749	other	non-priority	0.0805131443774198	1.0941332119976495	cytochrome c oxidase subunit ApiCOX14, putative
PVP01_1018800	PVP01_1018800	LT635621.2	833785	835369	other	non-priority	0.08192587597787632	1.0865789063041573	rhomboid protease ROM9, putative
PVP01_1461300	PVP01_1461300	LT635625.2	2648906	2654647	other	non-priority	0.08530711165108845	1.0690147622429997	RNA polymerase II transcription factor B subunit 2, putative
PVP01_1315200	PVP01_1315200	LT635624.2	700184	704796	other	non-priority	0.08545275411983988	1.0682739355204969	Hsp70/Hsp90 organizing protein, putative
PVP01_1262600	PVP01_1262600	LT635623.1	2576163	2578464	conserved (housekeeping-like)	non-priority	0.08577714384869661	1.0666284187101598	conserved Plasmodium protein, unknown function
PVP01_0621200	PVP01_0621200	LT635617.2	853216	857827	other	non-priority	0.08627721453433734	1.0641038845696598	acetyl-CoA transporter 1, putative
PVP01_0719600	PVP01_0719600	LT635618.2	856444	859946	conserved (housekeeping-like)	non-priority	0.08636375484403225	1.0636684840706243	conserved Plasmodium protein, unknown function
PVP01_0211800	tRNA	LT635613.2	484442	487812	non-coding	non-priority	0.08680166978697623	1.0614719203039849	aspartate--tRNA ligase, putative
PVP01_0939300	PVP01_0939300	LT635620.2	1682690	1683121	other	non-priority	0.08915583652300285	1.0498502207806806	conserved protein, unknown function
PVP01_1251800	PVP01_1251800	LT635623.1	2125085	2127497	other	non-priority	0.08975685107166576	1.0469323921194222	protein tyrosine phosphatase, putative
PVP01_1409500	PVP01_1409500	LT635625.2	444853	448105	conserved (housekeeping-like)	non-priority	0.09041708236079127	1.0437495111819763	conserved Plasmodium protein, unknown function
PVP01_0516700	PVP01_0516700	LT635616.2	696675	701863	other	non-priority	0.09302066225813821	1.0314205728654486	BEM46-like protein, putative
PVP01_1009200	PVP01_1009200	LT635621.2	414657	417153	other	non-priority	0.09358918853066134	1.0287743182775981	mitochondrial import receptor subunit TOM22, putative
PVP01_0208900	PVP01_0208900	LT635613.2	365029	367584	other	non-priority	0.0936354374714416	1.028559756116496	3'-5' exonuclease, putative
PVP01_0713900	PVP01_0713900	LT635618.2	645949	647946	conserved (housekeeping-like)	non-priority	0.09386239864384671	1.0275083516313435	conserved Plasmodium protein, unknown function
PVP01_1434300	PVP01_1434300	LT635625.2	1464206	1465749	conserved (housekeeping-like)	non-priority	0.09389855020758903	1.027341113183354	conserved Plasmodium protein, unknown function
PVP01_1437900	PVP01_1437900	LT635625.2	1602003	1610216	other	non-priority	0.09468451038917758	1.023721062208156	clathrin heavy chain, putative
PVP01_1341400	PVP01_1341400	LT635624.2	1820730	1826853	other	non-priority	0.09565092284991278	1.019310835498773	pre-mRNA-splicing factor 38B, putative
PVP01_1309400	PVP01_1309400	LT635624.2	433973	440482	other	non-priority	0.09596630025250324	1.0178812480418555	zinc finger protein, putative
PVP01_0724400	PVP01_0724400	LT635618.2	1039708	1044520	other	non-priority	0.09634410519059639	1.0161748524824623	lipocalin, putative, parasitophorous vacuolar protein 5, putative
PVP01_1462900	PVP01_1462900	LT635625.2	2710340	2711269	other	non-priority	0.09811339361361132	1.008271702350554	ankyrin-repeat protein, putative
PVP01_0714200	PVP01_0714200	LT635618.2	651169	653628	other	non-priority	0.09853398915329808	1.0064139344213265	glycolipid transfer protein, putative
PVP01_0703100	PVP01_0703100	LT635618.2	179940	182514	other	non-priority	0.098714403389624	1.0056194749265457	bacterial histone-like protein, putative
PVP01_0912500	PVP01_0912500	LT635620.2	585312	587798	conserved (housekeeping-like)	non-priority	0.09927845216902209	1.0031450024570783	conserved Plasmodium protein, unknown function
PVP01_0215000	PVP01_0215000	LT635613.2	634789	638726	other	non-priority	0.1000707789038783	0.9996927198580395	60S ribosomal export protein NMD3, putative
PVP01_0529200	PVP01_0529200	LT635616.2	1201981	1204614	other	non-priority	0.1001899593993258	0.9991757993865328	60S ribosomal protein L7ae/L30e, putative
PVP01_1419100	PVP01_1419100	LT635625.2	825557	830025	other	non-priority	0.1003450017171932	0.9985042552712051	glycerol-3-phosphate 1-O-acyltransferase, putative
PVP01_1012500	PVP01_1012500	LT635621.2	565969	569139	other	non-priority	0.1005955909649064	0.9974210536893724	conserved protein, unknown function
PVP01_1424700	PVP01_1424700	LT635625.2	1065451	1068908	other	non-priority	0.1019088382910258	0.9917881491185102	GTP-binding translation elongation factor tu family protein, putative
PVP01_0314600	PVP01_0314600	LT635614.2	661382	662395	conserved (housekeeping-like)	non-priority	0.102900051620365	0.9875844073713469	conserved Plasmodium protein, unknown function
PVP01_1249200	PVP01_1249200	LT635623.1	1999994	2006404	other	non-priority	0.1046940945853104	0.9800778146090668	large ribosomal subunit nuclear export factor, putative
PVP01_1007400	PVP01_1007400	LT635621.2	338209	340260	conserved (housekeeping-like)	non-priority	0.1055166269674855	0.9766791002594737	conserved Plasmodium protein, unknown function
PVP01_1111700	PVP01_1111700	LT635622.1	485854	488625	other	non-priority	0.1062287181956288	0.9737580588867549	ER membrane protein complex subunit 3, putative
PVP01_0916600	RON4	LT635620.2	743250	746889	other	invasion	0.1063779498320983	0.9731483838705477	rhoptry neck protein 4
PVP01_1336100	PVP01_1336100	LT635624.2	1556262	1561219	other	non-priority	0.1064555235231471	0.9728317999523876	glycylpeptide N-tetradecanoyltransferase, putative
PVP01_0713100	PVP01_0713100	LT635618.2	615410	618837	other	non-priority	0.1081906548615151	0.9658102504804018	major facilitator superfamily-related transporter, putative
PVP01_1116200	PVP01_1116200	LT635622.1	693270	702670	other	non-priority	0.1084698831739612	0.9646908275940175	NLI interacting factor-like phosphatase, putative
PVP01_1404900	PVP01_1404900	LT635625.2	247813	252306	other	non-priority	0.1087454114004454	0.9635890593895053	condensin complex subunit 2, putative
PVP01_1448400	PVP01_1448400	LT635625.2	2105146	2109354	other	non-priority	0.1091075613438818	0.9621451510053084	vacuolar transporter chaperone, putative
PVP01_1138200	PVP01_1138200	LT635622.1	1620369	1623870	other	non-priority	0.1092659260379079	0.961515249219836	SNARE associated Golgi protein, putative
PVP01_1245400	PVP01_1245400	LT635623.1	1873860	1875800	other	non-priority	0.1093890562597062	0.961026124472043	MORN repeat protein, putative
PVP01_1333600	PVP01_1333600	LT635624.2	1449131	1455665	other	non-priority	0.1108006847159099	0.9554575557860863	RNA-binding protein Nova-1, putative
PVP01_0419400	PVP01_0419400	LT635615.1	800612	803709	other	non-priority	0.1120147552565329	0.950724765683262	RNA-binding protein, putative
PVP01_1266400	PVP01_1266400	LT635623.1	2756755	2761984	other	non-priority	0.112019996227179	0.9507044462942676	protein SOC3, putative
PVP01_1426400	PVP01_1426400	LT635625.2	1127018	1129516	other	non-priority	0.1124616290013956	0.9489956300459536	40S ribosomal protein S16, putative
PVP01_1405100	PVP01_1405100	LT635625.2	258279	261830	other	non-priority	0.1124668412495279	0.9489755023084551	CorA-like Mg2+ transporter protein, putative
PVP01_1404800	PVP01_1404800	LT635625.2	246059	247384	other	non-priority	0.1126313619234472	0.9483406644238542	GINS complex subunit Psf3, putative
PVP01_1314600	PVP01_1314600	LT635624.2	663232	665778	conserved (housekeeping-like)	non-priority	0.1146423783790628	0.9406548126125587	conserved Plasmodium protein, unknown function
PVP01_1241700	PVP01_1241700	LT635623.1	1700924	1704546	other	non-priority	0.1154874480466659	0.9374652152549393	conserved oligomeric Golgi complex subunit 6, putative
PVP01_1315400	tRNA	LT635624.2	707209	709087	non-coding	non-priority	0.1159725872200542	0.9356446541005727	queuine tRNA-ribosyltransferase, putative
PVP01_1309300	PVP01_1309300	LT635624.2	431511	433954	other	non-priority	0.1160885150580239	0.9352107440309996	syntaxin, Qa-SNARE family, putative
PVP01_1415800	PVP01_1415800	LT635625.2	697148	701308	other	non-priority	0.1180680902123239	0.9278674615502767	TFIIH basal transcription factor subunit, putative
